{
  "images" : [
    {
      "idiom" : "iphone",
      "scale" : "2x",
      "size" : "20x20"
    },
    {
      "idiom" : "iphone",
      "scale" : "3x",
      "size" : "20x20"
    },
    {
      "filename" : "8fdd4f2732d0c7ccaf715f03716a7e0e_1_58x58.jpeg",
      "idiom" : "iphone",
      "scale" : "2x",
      "size" : "29x29"
    },
    {
      "filename" : "8fdd4f2732d0c7ccaf715f03716a7e0e_2_87x87.jpeg",
      "idiom" : "iphone",
      "scale" : "3x",
      "size" : "29x29"
    },
    {
      "filename" : "8fdd4f2732d0c7ccaf715f03716a7e0e_3_80x80.jpeg",
      "idiom" : "iphone",
      "scale" : "2x",
      "size" : "40x40"
    },
    {
      "filename" : "8fdd4f2732d0c7ccaf715f03716a7e0e_6_120x120.jpeg",
      "idiom" : "iphone",
      "scale" : "3x",
      "size" : "40x40"
    },
    {
      "filename" : "8fdd4f2732d0c7ccaf715f03716a7e0e_6_120x120-1.jpeg",
      "idiom" : "iphone",
      "scale" : "2x",
      "size" : "60x60"
    },
    {
      "filename" : "8fdd4f2732d0c7ccaf715f03716a7e0e_5_180x180.jpeg",
      "idiom" : "iphone",
      "scale" : "3x",
      "size" : "60x60"
    },
    {
      "filename" : "8fdd4f2732d0c7ccaf715f03716a7e0e_11_20x20.jpeg",
      "idiom" : "ipad",
      "scale" : "1x",
      "size" : "20x20"
    },
    {
      "filename" : "8fdd4f2732d0c7ccaf715f03716a7e0e_13_40x40.jpeg",
      "idiom" : "ipad",
      "scale" : "2x",
      "size" : "20x20"
    },
    {
      "filename" : "8fdd4f2732d0c7ccaf715f03716a7e0e_14_29x29.jpeg",
      "idiom" : "ipad",
      "scale" : "1x",
      "size" : "29x29"
    },
    {
      "filename" : "8fdd4f2732d0c7ccaf715f03716a7e0e_15_58x58.jpeg",
      "idiom" : "ipad",
      "scale" : "2x",
      "size" : "29x29"
    },
    {
      "filename" : "8fdd4f2732d0c7ccaf715f03716a7e0e_13_40x40-1.jpeg",
      "idiom" : "ipad",
      "scale" : "1x",
      "size" : "40x40"
    },
    {
      "filename" : "8fdd4f2732d0c7ccaf715f03716a7e0e_16_80x80.jpeg",
      "idiom" : "ipad",
      "scale" : "2x",
      "size" : "40x40"
    },
    {
      "filename" : "8fdd4f2732d0c7ccaf715f03716a7e0e_8_76x76.jpeg",
      "idiom" : "ipad",
      "scale" : "1x",
      "size" : "76x76"
    },
    {
      "filename" : "8fdd4f2732d0c7ccaf715f03716a7e0e_9_152x152.jpeg",
      "idiom" : "ipad",
      "scale" : "2x",
      "size" : "76x76"
    },
    {
      "filename" : "8fdd4f2732d0c7ccaf715f03716a7e0e_10_167x167.jpeg",
      "idiom" : "ipad",
      "scale" : "2x",
      "size" : "83.5x83.5"
    },
    {
      "filename" : "8fdd4f2732d0c7ccaf715f03716a7e0e_7_1024x1024.jpeg",
      "idiom" : "ios-marketing",
      "scale" : "1x",
      "size" : "1024x1024"
    }
  ],
  "info" : {
    "author" : "xcode",
    "version" : 1
  }
}
